<?xml version="1.0" encoding="utf-8"?>
<TextDatabase xmlns:xsi="http://www.w3.org/2001/XMLSchema-instance" xsi:noNamespaceSchemaLocation="texts.xsd" Version="4.22.1">
  <Languages>
    <Language Id="GB" />
  </Languages>
  <Texts>
    <TextGroup Id="Group1">
      <Text Id="aaa" Alignment="Center" TypographyId="Default">
        <Translation Language="GB">&lt;&gt;</Translation>
      </Text>
      <Text Id="__SingleUse_5MI9" Alignment="Left" TypographyId="Default">
        <Translation Language="GB">0</Translation>
      </Text>
    </TextGroup>
    <TextGroup Id="Unsorted">
      <Text Id="__SingleUse_RJRX" Alignment="Center" TypographyId="Default">
        <Translation Language="GB">&lt;&gt;</Translation>
      </Text>
      <Text Id="__SingleUse_ZP0J" Alignment="Center" TypographyId="Default">
        <Translation Language="GB">temp</Translation>
      </Text>
      <Text Id="__SingleUse_1GUE" Alignment="Center" TypographyId="Default">
        <Translation Language="GB">emg</Translation>
      </Text>
      <Text Id="__SingleUse_P1XO" Alignment="Center" TypographyId="Default">
        <Translation Language="GB">oxy</Translation>
      </Text>
      <Text Id="__SingleUse_LT88" Alignment="Center" TypographyId="Default">
        <Translation Language="GB">reiniciar</Translation>
      </Text>
    </TextGroup>
  </Texts>
  <Typographies>
    <Typography Id="Default" Font="Asap-Regular.ttf" Size="35" Bpp="4" Direction="LTR" WildcardCharacterRanges="0-9" />
  </Typographies>
</TextDatabase>
